{"cameraMode":{"drawMode":0,"name":"Shaded","section":"Shading Mode"},"sceneLighting":false,"audioPlay":false,"sceneViewState":{"m_AlwaysRefresh":false,"showFog":false,"showSkybox":false,"showFlares":false,"showImageEffects":false,"showParticleSystems":false,"showVisualEffectGraphs":true,"m_FxEnabled":true},"in2DMode":false,"pivot":{"x":0.02000880241394043,"y":0.7428713440895081,"z":-0.026658043265342714},"rotation":{"x":0.5481185913085938,"y":-0.1389889121055603,"z":0.0929601863026619,"w":0.8195169568061829},"size":0.9512471556663513,"orthographic":false}