{"cameraMode":{"drawMode":0,"name":"Shaded","section":"Shading Mode"},"sceneLighting":false,"audioPlay":false,"sceneViewState":{"m_AlwaysRefresh":false,"showFog":true,"showSkybox":false,"showFlares":true,"showImageEffects":true,"showParticleSystems":true,"showVisualEffectGraphs":true,"m_FxEnabled":true},"in2DMode":false,"pivot":{"x":1.5161902904510499,"y":-0.06040041148662567,"z":-0.1830136477947235},"rotation":{"x":0.08897093683481217,"y":-0.314130038022995,"z":0.029581520706415178,"w":0.9447515606880188},"size":4.3364667892456059,"orthographic":true}