{"cameraMode":{"drawMode":0,"name":"Shaded","section":"Shading Mode"},"sceneLighting":false,"audioPlay":false,"sceneViewState":{"m_AlwaysRefresh":false,"showFog":false,"showSkybox":false,"showFlares":false,"showImageEffects":false,"showParticleSystems":false,"showVisualEffectGraphs":true,"m_FxEnabled":true},"in2DMode":false,"pivot":{"x":-0.011226505041122437,"y":0.8343026638031006,"z":0.10029371082782746},"rotation":{"x":0.5786646008491516,"y":0.09967586398124695,"z":-0.07153777778148651,"w":0.8062889575958252},"size":0.8660253882408142,"orthographic":false}