{"cameraMode":{"drawMode":0,"name":"Shaded","section":"Shading Mode"},"sceneLighting":true,"audioPlay":false,"sceneViewState":{"m_AlwaysRefresh":false,"showFog":true,"showSkybox":true,"showFlares":true,"showImageEffects":true,"showParticleSystems":true,"showVisualEffectGraphs":true,"m_FxEnabled":true},"in2DMode":false,"pivot":{"x":-0.46181583404541018,"y":-1.4885368347167969,"z":4.052292346954346},"rotation":{"x":0.20973755419254304,"y":0.4776171147823334,"z":-0.11855095624923706,"w":0.8449277877807617},"size":4.6408820152282719,"orthographic":false}