{"cameraMode":{"drawMode":0,"name":"Shaded","section":"Shading Mode"},"sceneLighting":false,"audioPlay":false,"sceneViewState":{"m_AlwaysRefresh":false,"showFog":true,"showSkybox":false,"showFlares":true,"showImageEffects":true,"showParticleSystems":true,"showVisualEffectGraphs":true,"m_FxEnabled":true},"in2DMode":false,"pivot":{"x":0.23445963859558106,"y":0.31131434440612795,"z":-0.1384187936782837},"rotation":{"x":0.22711671888828278,"y":0.7550818920135498,"z":-0.330715537071228,"w":0.5185854434967041},"size":2.9660251140594484,"orthographic":false}